{
  "timestamp": "2025-09-30T18:05:49.116556",
  "test_set": {
    "n_races": 4767,
    "n_wins": 465,
    "win_rate": 0.09754562617998741
  },
  "strategies": {
    "odds_baseline_all": {
      "initial_bankroll": 100000.0,
      "final_bankroll": 0.0,
      "total_profit": -100000.0,
      "profit_pct": -100.0,
      "total_bets": 362,
      "total_wins": 34,
      "win_rate": 0.09392265193370165,
      "total_wagered": 361600.0,
      "total_returned": 261600.0,
      "roi": -27.654867256637168
    },
    "odds_baseline_ev": {
      "initial_bankroll": 100000.0,
      "final_bankroll": 100000.0,
      "total_profit": 0.0,
      "profit_pct": 0.0,
      "total_bets": 0,
      "total_wins": 0,
      "win_rate": 0,
      "total_wagered": 0,
      "total_returned": 0,
      "roi": 0
    },
    "odds_baseline_optimized": {
      "initial_bankroll": 100000.0,
      "final_bankroll": 0.0,
      "total_profit": -100000.0,
      "profit_pct": -100.0,
      "total_bets": 362,
      "total_wins": 34,
      "win_rate": 0.09392265193370165,
      "total_wagered": 361600.0,
      "total_returned": 261600.0,
      "roi": -27.654867256637168
    },
    "odds_baseline_kelly": {
      "initial_bankroll": 100000.0,
      "final_bankroll": 100000.0,
      "total_profit": 0.0,
      "profit_pct": 0.0,
      "total_bets": 0,
      "total_wins": 0,
      "win_rate": 0,
      "total_wagered": 0,
      "total_returned": 0,
      "roi": 0
    },
    "lgbm_all": {
      "initial_bankroll": 100000.0,
      "final_bankroll": 0.0,
      "total_profit": -100000.0,
      "profit_pct": -100.0,
      "total_bets": 362,
      "total_wins": 34,
      "win_rate": 0.09392265193370165,
      "total_wagered": 361600.0,
      "total_returned": 261600.0,
      "roi": -27.654867256637168
    },
    "lgbm_ev": {
      "initial_bankroll": 100000.0,
      "final_bankroll": 0.0,
      "total_profit": -100000.0,
      "profit_pct": -100.0,
      "total_bets": 295,
      "total_wins": 14,
      "win_rate": 0.04745762711864407,
      "total_wagered": 294900.0,
      "total_returned": 194900.0,
      "roi": -33.9097999321804
    },
    "lgbm_optimized": {
      "initial_bankroll": 100000.0,
      "final_bankroll": 0.0,
      "total_profit": -100000.0,
      "profit_pct": -100.0,
      "total_bets": 295,
      "total_wins": 14,
      "win_rate": 0.04745762711864407,
      "total_wagered": 294900.0,
      "total_returned": 194900.0,
      "roi": -33.9097999321804
    },
    "lgbm_kelly": {
      "initial_bankroll": 100000.0,
      "final_bankroll": 16.762399718459164,
      "total_profit": -99983.23760028154,
      "profit_pct": -99.98323760028154,
      "total_bets": 504,
      "total_wins": 23,
      "win_rate": 0.04563492063492063,
      "total_wagered": 262667.0193994947,
      "total_returned": 162683.78179921303,
      "roi": -38.064633248917886
    }
  },
  "optimal_thresholds": {
    "odds_baseline": -0.05,
    "lgbm": -0.05
  }
}