{
  "odds_baseline": {
    "model_name": "Odds Baseline",
    "roc_auc": 0.8150715096254306,
    "log_loss": 0.2622569355587437,
    "accuracy": 0.9030837004405287,
    "precision": 0.5106382978723404,
    "recall": 0.15483870967741936,
    "f1_score": 0.2376237623762376,
    "true_negative": 4233,
    "false_positive": 69,
    "false_negative": 393,
    "true_positive": 72,
    "specificity": 0.9839609483960948
  },
  "logistic_baseline": {
    "model_name": "Logistic Baseline",
    "roc_auc": 0.8150715096254306,
    "log_loss": 0.2685262079964602,
    "accuracy": 0.9024543738200126,
    "precision": 0.0,
    "recall": 0.0,
    "f1_score": 0.0,
    "true_negative": 4302,
    "false_positive": 0,
    "false_negative": 465,
    "true_positive": 0,
    "specificity": 1.0
  },
  "lightgbm": {
    "model_name": "LightGBM",
    "roc_auc": 0.7491461835705324,
    "log_loss": 0.30548272973913093,
    "accuracy": 0.9024543738200126,
    "precision": 0.0,
    "recall": 0.0,
    "f1_score": 0.0,
    "true_negative": 4302,
    "false_positive": 0,
    "false_negative": 465,
    "true_positive": 0,
    "specificity": 1.0
  },
  "timestamp": "2025-09-30T17:30:13.896673"
}